,error
0,Run run_pipeline fail:index 0 is out of bounds for axis 0 with size 0
0,Run run_pipeline fail:index 0 is out of bounds for axis 0 with size 0
0,Run run_pipeline fail:index 0 is out of bounds for axis 0 with size 0
0,Run run_pipeline fail:index 0 is out of bounds for axis 0 with size 0
0,Run run_pipeline fail:index 0 is out of bounds for axis 0 with size 0
0,Run run_pipeline fail:index 0 is out of bounds for axis 0 with size 0
0,Run run_pipeline fail:index 0 is out of bounds for axis 0 with size 0
0,Run run_pipeline fail:index 0 is out of bounds for axis 0 with size 0
0,Run run_pipeline fail:index 0 is out of bounds for axis 0 with size 0
0,Run run_pipeline fail:index 0 is out of bounds for axis 0 with size 0
0,Run run_pipeline fail:index 0 is out of bounds for axis 0 with size 0
0,Run run_pipeline fail:index 0 is out of bounds for axis 0 with size 0
0,Run run_pipeline fail:index 0 is out of bounds for axis 0 with size 0
0,"Run run_pipeline fail:Invalid dimensions (0,)."
0,Run run_pipeline fail:index 0 is out of bounds for axis 0 with size 0
0,Run run_pipeline fail:index 0 is out of bounds for axis 0 with size 0
0,Run run_pipeline fail:index 0 is out of bounds for axis 0 with size 0
0,Run run_pipeline fail:index 0 is out of bounds for axis 0 with size 0
0,Run run_pipeline fail:index 0 is out of bounds for axis 0 with size 0
0,Run run_pipeline fail:index 0 is out of bounds for axis 0 with size 0
0,Run run_pipeline fail:index 0 is out of bounds for axis 0 with size 0
0,Run run_pipeline fail:index 0 is out of bounds for axis 0 with size 0
0,Run run_pipeline fail:index 0 is out of bounds for axis 0 with size 0
0,Run run_pipeline fail:index 0 is out of bounds for axis 0 with size 0
0,Run run_pipeline fail:index 0 is out of bounds for axis 0 with size 0
0,Run run_pipeline fail:index 0 is out of bounds for axis 0 with size 0
0,Run run_pipeline fail:index 0 is out of bounds for axis 0 with size 0
0,Run run_pipeline fail:index 0 is out of bounds for axis 0 with size 0
0,Run run_pipeline fail:index 0 is out of bounds for axis 0 with size 0
0,Run run_pipeline fail:index 0 is out of bounds for axis 0 with size 0
0,Run run_pipeline fail:index 0 is out of bounds for axis 0 with size 0
0,Run run_pipeline fail:index 0 is out of bounds for axis 0 with size 0
0,Run run_pipeline fail:index 0 is out of bounds for axis 0 with size 0
0,Run run_pipeline fail:index 0 is out of bounds for axis 0 with size 0
0,Run run_pipeline fail:index 0 is out of bounds for axis 0 with size 0
0,Run run_pipeline fail:index 0 is out of bounds for axis 0 with size 0
0,Run run_pipeline fail:index 0 is out of bounds for axis 0 with size 0
0,Run run_pipeline fail:index 0 is out of bounds for axis 0 with size 0
0,Run run_pipeline fail:index 0 is out of bounds for axis 0 with size 0
0,Run run_pipeline fail:index 0 is out of bounds for axis 0 with size 0
0,Run run_pipeline fail:index 0 is out of bounds for axis 0 with size 0
0,Run run_pipeline fail:index 0 is out of bounds for axis 0 with size 0
0,Run run_pipeline fail:index 0 is out of bounds for axis 0 with size 0
0,Run run_pipeline fail:index 0 is out of bounds for axis 0 with size 0
0,Run run_pipeline fail:index 0 is out of bounds for axis 0 with size 0
0,Run run_pipeline fail:index 0 is out of bounds for axis 0 with size 0
0,Run run_pipeline fail:index 0 is out of bounds for axis 0 with size 0
0,Run run_pipeline fail:index 0 is out of bounds for axis 0 with size 0
0,Run run_pipeline fail:index 0 is out of bounds for axis 0 with size 0
0,Run run_pipeline fail:index 0 is out of bounds for axis 0 with size 0
0,Run run_pipeline fail:index 0 is out of bounds for axis 0 with size 0
0,Run run_pipeline fail:index 0 is out of bounds for axis 0 with size 0
0,Run run_pipeline fail:index 0 is out of bounds for axis 0 with size 0
0,Run run_pipeline fail:index 0 is out of bounds for axis 0 with size 0
0,Run run_pipeline fail:index 0 is out of bounds for axis 0 with size 0
0,Run run_pipeline fail:index 0 is out of bounds for axis 0 with size 0
0,Run run_pipeline fail:index 0 is out of bounds for axis 0 with size 0
0,Run run_pipeline fail:index 0 is out of bounds for axis 0 with size 0
0,Run run_pipeline fail:index 0 is out of bounds for axis 0 with size 0
0,Run run_pipeline fail:index 0 is out of bounds for axis 0 with size 0
0,Run run_pipeline fail:index 0 is out of bounds for axis 0 with size 0
0,Run run_pipeline fail:index 0 is out of bounds for axis 0 with size 0
0,Run run_pipeline fail:index 0 is out of bounds for axis 0 with size 0
0,Run run_pipeline fail:index 0 is out of bounds for axis 0 with size 0
0,Run run_pipeline fail:index 0 is out of bounds for axis 0 with size 0
0,Run run_pipeline fail:index 0 is out of bounds for axis 0 with size 0
0,"Run run_pipeline fail:Invalid dimensions (0,)."
0,Run run_pipeline fail:index 0 is out of bounds for axis 0 with size 0
0,Run run_pipeline fail:index 0 is out of bounds for axis 0 with size 0
0,Run run_pipeline fail:index 0 is out of bounds for axis 0 with size 0
0,Run run_pipeline fail:index 0 is out of bounds for axis 0 with size 0
0,Run run_pipeline fail:index 0 is out of bounds for axis 0 with size 0
0,"Read csv fialed:Usecols do not match columns, columns expected but not found: [ Time ]"
0,Run run_pipeline fail:index 0 is out of bounds for axis 0 with size 0
0,"Read csv fialed:Usecols do not match columns, columns expected but not found: [ Time ]"
0,Run run_pipeline fail:index 0 is out of bounds for axis 0 with size 0
